{
  "build": {
    "beforeDevCommand": "",
    "beforeBuildCommand": "npm run build:all",
    "devPath": "http://10.21.74.245:8080",
    "distDir": "../apps/webui/dist"
  },
  "package": {
    "productName": "smart-workbench",
    "version": "0.0.0"
  },
  "tauri": {
    "cli": {
      "description": "",
      "longDescription": "",
      "beforeHelp": "",
      "afterHelp": "",
      "args": [
        {
          "name": "type",
          "short": "t",
          "multipleOccurrences": true
        }
      ]
    },
    "systemTray": {
      "iconPath": "icons/128x128.png",
      "iconAsTemplate": false
    },
    "allowlist": {
      "all": true,
      "shell": {
        "all": false,
        "open": true
      },
      "fs": {
        "all": true,
        "readFile": true,
        "writeFile": true,
        "readDir": true,
        "scope": ["$APPDIR/src/**", "$APPDIR/dist/**", "$APPDIR/**"]
      },
      "window": {
        "all": true,
        "setFocus": true
      }
    },
    "windows": [
      {
        "title": "smart-workbench",
        "width": 1200,
        "height": 600
      }
    ],
    "security": {
      "csp": null
    },
    "bundle": {
      "active": true,
      "targets": "all",
      "identifier": "com.tauri.dev23123",
      "icon": [
        "icons/32x32.png",
        "icons/128x128.png",
        "icons/128x128@2x.png",
        "icons/icon.icns",
        "icons/icon.ico"
      ]
    }
  }
}
